,Unnamed: 0,Edad,Sexo,Perscargo,Estrato,Nivel de estudios,Tipo de contrato,Ingresos,Egresos,Tipo de actividad,Tipo de vivienda,Total activos,Total pasivos,Salario,Ingresos por arriendo,Ingresos por honorarios,Ingresos financieros,Otros ingresos,Gasto familiar,Gasto obligatorio,Gasto arriendo,Otros gastos,Destino,Monto,Plazo,Cuota,ConoCliente,Garantia,RespPat,Fecha_corte,CuidadRes,Ocupacion,Agencia,Cargo,Califica,FecIngEmp,FecIngreso,FecUltAct,Ciiu,Pagare,Estado,MoraCome,EndeuIndi,Puntaje
0,1,43,no,0,3,Profesional,Indefinido,1200000,600000,Empleado,Propia,0,0,1200000,0,0,0,0,600000,0,0,0,Consumo,269000,3,93.818,Buenas Referencias,Con Codeudor(es),Prop.con Hipoteca,2009-01-31,Medellin,Profesores de universidades y otros establecimientos de educación superior,Centro,,1,1994-01-01,1999-08-06,2008-10-20,,,Negada,Màximo 3 moras 30 Dìas,54,
1,2,44,no,0,5,Profesional,Indefinido,1560609,934000,Empleado,Familiar,0,0,1560609,0,0,0,0,0,934000,0,0,Consumo,3000000,36,124.61,Buenas Referencias,Con Codeudor(es),Sin Patrimonio,2009-01-31,Medellin,Contadores,Belen,,1,1999-01-01,2004-02-20,2009-01-26,,,Negada,Con Experiencia sin Mora,18,
2,3,72,yes,1,4,Bachiller,Ninguno,2250510,2426000,Jubilado,Propia,0,0,2250510,0,0,0,0,0,2426000,0,0,Consumo,10000000,48,350.355,Sin Referencias,Con Codeudor(es),Prop.y Vehìculo,2009-01-31,Medellin,Sin Profesión,Centro,,1,,2002-04-15,2009-01-26,,,Negado,Mora mayor a 60 Dìas,0,86.0
3,4,69,yes,0,3,Bachiller,Ninguno,522109,271000,Jubilado,Familiar,0,0,522109,0,0,0,0,0,271000,0,0,Consumo,800000,18,55.066,Buenas Referencias,Con Codeudor(es),Sin Patrimonio,2009-01-31,Medellin,Sin Profesión,Centro,,0,,2007-01-22,2009-01-15,,,Negado,Con Experiencia sin Mora,0,60.0
4,5,64,yes,4,3,Bachiller,Ninguno,1579461,334000,Jubilado,Arrendada,0,4000000,1579461,0,0,0,0,0,334000,0,0,Consumo,1200000,18,82.598,Buenas Referencias,Sin Codeudor,Sin Patrimonio,2009-01-31,Rionegro,Sin Profesión,Rionegro,,1,,2009-01-17,2009-01-16,,,Negado,Con Experiencia sin Mora,0,61.0
5,6,42,yes,2,2,Bachiller,Indefinido,561500,0,Empleado,Familiar,0,0,461500,0,0,0,100000,0,0,0,0,Consumo,2500000,24,133680,Buenas Referencias,Con Codeudor(es),Sin Patrimonio,2009-01-31,La Estrella,Sin Profesión,Caldas,,1,1996-06-01,2005-11-18,2009-01-20,transporte almacenam - transporte por via t,41937.0,Negado,Con Experiencia sin Mora,0,45.0
6,7,64,yes,4,3,Bachiller,Ninguno,1579461,334000,Jubilado,Arrendada,0,4000000,1579461,0,0,0,0,0,334000,0,0,Consumo,1200000,18,82.598,Buenas Referencias,Sin Codeudor,Sin Patrimonio,2009-01-31,Rionegro,Sin Profesión,Rionegro,,1,,2009-01-17,2009-01-16,,,Negado,Con Experiencia sin Mora,0,75.0
7,8,47,yes,3,3,Primaria,Indefinido,1139000,398000,Empleado,Propia,0,0,1139000,0,0,0,0,0,398000,0,0,Consumo,2600000,24,141389,Buena Experiencia CFB,Sin Codeudor,Prop.con Hipoteca,2009-01-31,Itagui,Sin Profesión,Caldas,,1,1986-08-01,2004-08-17,2009-01-06,industrias manufactu - fabricacion de susta,41636.0,Negado,Con Experiencia sin Mora,0,57.0
8,9,69,yes,1,3,Bachiller,Ninguno,1666078,828000,Jubilado,Propia,0,7500000,1666078,0,0,0,0,0,828000,0,0,Consumo,3000000,36,124.61,Buena Experiencia CFB,Sin Codeudor,Prop.sin Hipoteca,2009-01-31,Itagui,Sin Profesión,Itagui,,1,,2002-11-13,2009-01-06,,,Negada,Con Experiencia sin Mora,27,
9,10,67,yes,0,3,Primaria,Ninguno,3195890,1036000,Independiente,Propia,0,0,545890,0,0,0,2650000,0,1036000,0,0,Consumo,10000000,48,350.355,Buena Experiencia CFB,Hipoteca,Prop.sin Hipoteca,2009-01-31,Itagui,Sin Profesión,Itagui,,1,,1996-02-07,2009-01-23,hoteles y restaurant - hoteles restaurantes,,Negado,Màximo 3 moras 30 Dìas,0,74.0
10,11,61,yes,1,3,Bachiller,Ninguno,2310000,774000,Independiente,Propia,0,0,900000,210000,0,0,1200000,0,774000,0,0,Consumo,5000000,36,213.932,Buena Experiencia CFB,Sin Codeudor,Prop.sin Hipoteca,2009-01-31,Caldas,Sin Profesión,Caldas,,1,,2004-11-20,2009-01-26,comercio al por mayo - comercio mantenimien,,Negada,Con Experiencia sin Mora,68,
11,12,52,yes,1,3,Tecnólogo,Indefinido,2961500,705000,Empleado,Familiar,0,8000000,461500,0,0,0,2500000,0,705000,0,0,Consumo,10000000,48,332688,Buena Experiencia CFB,Con Codeudor(es),Vehìculo sin Prenda,2009-01-31,Itagui,Sin Profesión,Itagui,,1,1997-01-01,1999-11-17,2009-01-17,transporte almacenam - transporte por via t,41882.0,Negado,Con Experiencia sin Mora,0,59.0
12,13,43,no,1,3,Bachiller,Ninguno,1500000,28000,Independiente,Arrendada,0,0,496900,0,0,0,1003100,0,28000,0,0,Consumo,5000000,36,214.207,Buenas Referencias,Sin Codeudor,Sin Patrimonio,2009-01-31,Medellin,Sin Profesión,Centro,,0,,2008-04-29,2009-01-13,comercio al por mayo,,Negado,Con Experiencia sin Mora,0,58.0
13,14,44,no,2,3,Especializacion,Indefinido,3600000,2000000,Empleado,Propia,0,0,1700000,0,0,0,1900000,0,2000000,0,0,Consumo,10300000,48,374.525,Sin Referencias,Sin Codeudor,Prop.y Vehìculo,2009-01-31,Medellin,Administración de Empresas,Belen,,1,1998-05-11,1999-09-07,2009-01-28,administracion publi - regulacion de las ac,,Negada,Mora mayor a 60 Dìas,2,
14,15,57,yes,0,3,Primaria,Ninguno,461500,0,Jubilado,Familiar,0,0,461500,0,0,0,0,0,0,0,0,Consumo,1200000,18,80748,Buenas Referencias,Con Codeudor(es),Sin Patrimonio,2009-01-31,Sabaneta,Sin Profesión,Sabaneta,,1,,2009-01-13,2009-01-09,,41728.0,Negado,Sin experiencia,0,47.0
15,16,44,no,3,2,Primaria,Indefinido,461500,30000,Empleado,Arrendada,0,0,461500,0,0,0,0,0,30000,0,0,Consumo,1200000,18,82.598,Buena Experiencia CFB,Sin Codeudor,Sin Patrimonio,2009-01-31,Envigado,Sin Profesión,Envigado,,0,2001-10-02,2006-12-06,2009-01-09,comercio al por mayo - comercio mantenimien,,Negada,Mora mayor a 60 Dìas,138,
16,17,49,no,1,5,Especializacion,Indefinido,2140000,213000,Empleado,Propia,0,0,2140000,0,0,0,0,0,213000,0,0,Consumo,6500000,12,635.618,Sin Referencias,Sin Codeudor,Sin Patrimonio,2009-01-31,Medellin,Otros profesionales de la educación,Belen,,1,1980-05-05,1985-11-25,2009-01-06,educacion - educacion  en todas,,Negada,Mora mayor a 60 Dìas,26,
17,18,53,no,2,2,Bachiller,Indefinido,496600,0,Empleado,Propia,0,0,496600,0,0,0,0,0,0,0,0,Consumo,2900000,24,155069,Buenas Referencias,Sin Codeudor,Prop.sin Hipoteca,2009-01-31,Medellin,Sin Profesión,Envigado,,1,1988-09-01,2009-01-07,2009-01-06,servicio domestico,41612.0,Negado,Sin experiencia,0,51.0
18,19,69,no,0,3,Primaria,Ninguno,611000,144000,Jubilado,Arrendada,0,4300000,611000,0,0,0,0,0,144000,0,0,Consumo,1200000,18,80748,Buena Experiencia CFB,Con Codeudor(es),Sin Patrimonio,2009-01-31,Sabaneta,Sin Profesión,Sabaneta,,1,2000-01-01,1995-07-05,2009-01-06,,41613.0,Negado,Con Experiencia sin Mora,0,55.0
19,20,39,no,1,3,Primaria,Labor Contratada,496900,207000,Empleado,Arrendada,0,0,496900,0,0,0,0,0,207000,0,0,Consumo,1000000,24,56.279,Buena Experiencia CFB,Sin Codeudor,Sin Patrimonio,2009-01-31,Sabaneta,Sin Profesión,Sabaneta,,1,2006-05-05,2004-01-09,2009-01-06,industrias manufactu - elaboracion de produ,,Negada,Con Experiencia sin Mora,18,
20,21,31,no,1,2,Primaria,Indefinido,496900,0,Empleado,Propia,0,0,496900,0,0,0,0,0,0,0,0,Consumo,1500000,24,82.578,Buenas Referencias,Con Codeudor(es),Sin Patrimonio,2009-01-31,Medellin,Sin Profesión,Altavista,,1,2007-02-27,2009-01-26,2009-01-22,servicio domestico,,Negado,Con Experiencia sin Mora,0,40.0
21,22,62,yes,0,3,Profesional,Ninguno,2300000,855000,Jubilado,Propia,0,0,2300000,0,0,0,0,0,855000,0,0,Consumo,2000000,24,112.558,Buena Experiencia CFB,Sin Codeudor,Sin Patrimonio,2009-01-31,Envigado,Psicólogos,Envigado,,1,1976-02-01,1997-06-03,2009-01-28,,,Negado,Mora mayor a 60 Dìas,0,50.0
22,23,64,no,0,2,Primaria,Ninguno,1237244,155000,Jubilado,Propia,0,0,737244,180000,0,0,320000,0,155000,0,0,Consumo,700000,12,66395,Buenas Referencias,Con Codeudor(es),Prop.sin Hipoteca,2009-01-31,Medellin,Sin Profesión,Centro,,1,,2006-07-26,2009-01-19,,41916.0,Negado,Con Experiencia sin Mora,0,35.0
23,24,45,yes,4,4,Especializacion,Indefinido,1191200,572000,Empleado,Familiar,0,0,1191200,0,0,0,0,0,572000,0,0,Consumo,6000000,36,232.696,Sin Referencias,Libranza Establecida,Sin Patrimonio,2009-01-31,Medellin,Administración de Empresas,Altavista,,0,1992-09-30,2007-02-09,2009-01-26,administracion publi,,Negado,Mora mayor a 60 Dìas,11,87.0
24,25,59,no,0,3,Técnico,Ninguno,2116500,882000,Jubilado,Propia,0,0,2116500,0,0,0,0,0,882000,0,0,Consumo,7500000,36,298993,Buenas Referencias,Sin Codeudor,Prop.sin Hipoteca,2009-01-31,Medellin,Técnicos postsecundarios no universitarios y asistentes,Centro,,0,,2005-03-31,2009-01-20,,41935.0,Negado,Con Experiencia sin Mora,0,58.0
25,26,56,no,1,4,Técnico,Ninguno,1050000,174000,Independiente,Propia,0,0,0,0,0,0,1050000,0,174000,0,0,Consumo,3500000,36,142888,Buenas Referencias,Con Codeudor(es),Sin Patrimonio,2009-01-31,Medellin,Técnicos en diseño y decoradores,Belen,,0,,2005-07-09,2009-01-21,otras actividades em - otras actividades em,41975.0,Negado,Con Experiencia sin Mora,0,84.0
26,27,48,yes,0,4,Bachiller,Indefinido,8385000,4408000,Empleado,Arrendada,0,0,1385000,0,0,0,7000000,0,4408000,0,0,Consumo,25000000,48,875.887,Buenas Referencias,Con Codeudor(es),Vehìculo con Prenda,2009-01-31,Medellin,Sin Profesión,Centro,,1,1998-07-22,2003-08-05,2009-01-08,administracion publi - actividades legislat,,Negada,Una mora 60 Dìas,9,
27,28,28,yes,3,3,Bachiller,Indefinido,846587,43000,Empleado,Arrendada,0,0,546587,0,0,0,300000,0,43000,0,0,Consumo,3000000,36,119597,Buenas Referencias,Sin Codeudor,Sin Patrimonio,2009-01-31,Sabaneta,Sin Profesión,Sabaneta,,0,2008-06-20,2008-06-20,2009-01-28,transporte almacenam - transporte por via t,42141.0,Negado,Con Experiencia sin Mora,0,61.0
28,29,45,yes,2,3,Técnico,Indefinido,1650000,147000,Empleado,Arrendada,0,0,1650000,0,0,0,0,0,147000,0,0,Consumo,3000000,24,168.682,Buena Experiencia CFB,Sin Codeudor,Sin Patrimonio,2009-01-31,Medellin,Técnicos asistentes de servicios financieros contables y afines,Centro,,0,2004-01-13,2006-01-12,2009-01-26,comercio al por mayo,,Negado,Mora mayor a 60 Dìas,0,45.0
29,30,42,yes,2,5,Bachiller,Indefinido,957649,155000,Empleado,Familiar,0,0,957649,0,0,0,0,0,155000,0,0,Consumo,3200000,24,176.165,Buenas Referencias,Sin Codeudor,Prop.sin Hipoteca,2009-01-31,Medellin,Sin Profesión,Floresta,,1,1996-11-05,2000-05-02,2009-01-22,industrias manufactu,,Negada,Con Experiencia sin Mora,19,
30,31,71,yes,0,3,Bachiller,Ninguno,1101664,191000,Jubilado,Propia,0,0,1101664,0,0,0,0,0,191000,0,0,Inv.Patrimonial,5100000,36,203315,Buena Experiencia CFB,Con Codeudor(es),Prop.sin Hipoteca,2009-01-31,Medellin,Sin Profesión,Belen,,1,2002-06-01,2003-04-02,2009-01-20,,41951.0,Negado,Con Experiencia sin Mora,0,73.0
31,32,41,yes,4,1,Bachiller,Ninguno,2400000,2260000,Independiente,Propia,0,3341000,0,0,0,2400000,0,645000,655000,960000,0,Reposicion de Activos Fij,2500000,24,142.161,Buena Experiencia CFB,Con Codeudor(es),Sin Patrimonio,2009-01-31,Medellin,Sin Profesión,Microcrédito,,0,2007-02-16,2007-02-26,2009-01-23,otras actividades de,,Negado,Con Experiencia sin Mora,0,49.0
32,33,67,yes,1,4,Primaria,Ninguno,1511000,0,Jubilado,Familiar,0,305218,1511000,0,0,0,0,0,0,0,0,Consumo,7700000,48,256170,Buenas Referencias,Sin Codeudor,Prop.sin Hipoteca,2009-01-31,Rionegro,Sin Profesión,Rionegro,,0,1986-01-01,2006-04-07,2009-01-15,,41820.0,Negado,Con Experiencia sin Mora,0,106.0
33,34,29,yes,3,3,Profesional,Indefinido,1013000,563000,Empleado,Arrendada,0,0,1013000,0,0,0,0,0,563000,0,0,Consumo,1140000,18,75.562,Buenas Referencias,Sin Codeudor,Sin Patrimonio,2009-03-31,Itagui,Profesores de educación secundaria,Itagui,,1,2005-05-24,2004-08-17,2009-03-20,educacion - educacion  en todas,,Negada,Con Experiencia sin Mora,19,
34,35,41,yes,8,2,Bachiller,Indefinido,772000,418000,Empleado,Propia,0,0,772000,0,0,0,0,0,418000,0,0,Consumo,800000,12,77.037,Buena Experiencia CFB,Con Codeudor(es),Sin Patrimonio,2009-01-31,Medellin,Sin Profesión,Altavista,,0,2006-03-06,2005-07-23,2009-01-27,administracion publi,,Negado,Mora mayor a 60 Dìas,0,64.0
35,36,59,yes,1,3,Primaria,Ninguno,2500000,216000,Independiente,Arrendada,0,0,0,0,0,0,2500000,0,216000,0,0,Consumo,5000000,36,207.683,Sin Referencias,Sin Codeudor,Prop.sin Hipoteca,2009-01-31,Medellin,Sin Profesión,Altavista,,1,1964-06-12,2002-02-28,2009-01-06,comercio al por mayo - comercio mantenimien,,Negado,Mora mayor a 60 Dìas,0,76.0
36,37,50,no,1,2,Bachiller,Ninguno,461500,0,Jubilado,Propia,0,0,461500,0,0,0,0,0,0,0,0,Consumo,4800000,36,195961,Buena Experiencia CFB,Sin Codeudor,Prop.sin Hipoteca,2009-01-31,Caldas,Sin Profesión,Caldas,,1,2000-01-01,2006-03-13,2009-01-14,,41795.0,Negado,Con Experiencia sin Mora,0,58.0
37,38,58,yes,1,4,Bachiller,Indefinido,5050000,3959000,Empleado,Arrendada,0,3100000,5050000,0,0,0,0,0,3959000,0,0,Consumo,8000000,48,290.893,Buena Experiencia CFB,Sin Codeudor,Prop.sin Hipoteca,2009-01-31,Medellin,Sin Profesión,Belen,,1,1971-09-27,2001-04-27,2009-01-26,otras actividades de - actividades de organ,,Negada,Con Experiencia sin Mora,11,
38,39,58,yes,0,3,Primaria,Ninguno,810000,432000,Independiente,Propia,0,0,0,810000,0,0,0,0,432000,0,0,Consumo,8000000,48,280.284,Sin Referencias,Con Codeudor(es),Prop.sin Hipoteca,2009-01-31,Medellin,Sin Profesión,Itagui,,0,,2008-06-17,2009-01-28,actividades inmobili - actividades inmobili,,Negado,Una mora 60 Dìas,0,74.0
39,40,38,no,2,3,Bachiller,Indefinido,612000,34000,Empleado,Propia,0,1000000,512000,0,0,0,100000,0,34000,0,0,Consumo,1200000,18,80748,Buena Experiencia CFB,Con Codeudor(es),Sin Patrimonio,2009-01-31,Rionegro,Diseño de Modas,Rionegro,,1,2005-04-25,2007-11-30,2009-01-14,industrias manufactu - fabricacion de produ,41710.0,Negado,Con Experiencia sin Mora,0,52.0
40,41,47,yes,2,3,Profesional,Indefinido,2733000,296000,Empleado,Arrendada,0,50000000,2733000,0,0,0,0,0,296000,0,0,Consumo,8000000,48,290.893,Sin Referencias,Sin Codeudor,Sin Patrimonio,2009-01-31,Medellin,Bibliotecarios documentalistas y afines,Caldas,,1,1985-04-22,2004-10-21,2009-01-15,educacion - educacion  en todas,,Negada,Mora mayor a 60 Dìas,22,
41,42,35,yes,2,3,Bachiller,Indefinido,1761500,43000,Empleado,Propia,0,4000000,1761500,0,0,0,0,0,43000,0,0,Consumo,40000000,60,$ 1.253.166,Buenas Referencias,No Admisible,Sin Patrimonio,2009-01-31,Medellin,Sin Profesión,Altavista,,0,1995-03-04,2007-06-01,2009-01-21,transporte almacenam - transporte por via t,,Negada,Con Experiencia sin Mora,11,
42,43,35,yes,2,3,Bachiller,Indefinido,1761500,43000,Empleado,Propia,0,4000000,1761500,0,0,0,0,0,43000,0,0,Consumo,40000000,60,$ 1.253.166,Buenas Referencias,No Admisible,Sin Patrimonio,2009-01-31,Medellin,Sin Profesión,Altavista,,0,1995-03-04,2007-06-01,2009-01-21,transporte almacenam - transporte por via t,,Negada,Con Experiencia sin Mora,11,
43,44,35,yes,2,3,Bachiller,Indefinido,1761500,43000,Empleado,Propia,0,4000000,1761500,0,0,0,0,0,43000,0,0,Consumo,40000000,60,$ 1.253.166,Buenas Referencias,No Admisible,Prop.sin Hipoteca,2009-01-31,Medellin,Sin Profesión,Altavista,,0,1995-03-04,2007-06-01,2009-01-21,transporte almacenam - transporte por via t,,Negada,Con Experiencia sin Mora,12,
44,45,35,yes,2,3,Bachiller,Indefinido,1761500,43000,Empleado,Propia,0,4000000,1761500,0,0,0,0,0,43000,0,0,Consumo,40000000,60,$ 1.253.166,Buenas Referencias,No Admisible,Prop.sin Hipoteca,2009-01-31,Medellin,Sin Profesión,Altavista,,0,1995-03-04,2007-06-01,2009-01-21,transporte almacenam - transporte por via t,,Negada,Con Experiencia sin Mora,12,
45,46,41,yes,6,3,Bachiller,Labor Contratada,496900,868000,Empleado,Propia,0,1000000,496900,0,0,0,0,0,868000,0,0,Consumo,1200000,18,82.598,Buena Experiencia CFB,Sin Codeudor,Sin Patrimonio,2009-01-31,Itagui,Sin Profesión,Itagui,,1,2008-10-01,2001-09-12,2009-01-21,industrias manufactu - elaboracion de produ,,Negado,Con Experiencia sin Mora,0,73.0
46,47,51,yes,0,2,Primaria,Ninguno,861500,186700,Jubilado,Arrendada,0,0,461500,400000,0,0,0,0,186700,0,0,Consumo,4000000,36,163301,Buenas Referencias,Con Codeudor(es),Prop.sin Hipoteca,2009-01-31,Sabaneta,Sin Profesión,Sabaneta,,1,,2009-01-08,2009-01-06,,41629.0,Negado,Sin experiencia,0,44.0
47,48,41,yes,4,4,Tecnólogo,Ninguno,2000000,572000,Independiente,Arrendada,0,0,0,0,0,0,2000000,0,572000,0,0,Consumo,4500000,36,186.915,Buenas Referencias,Sin Codeudor,Sin Patrimonio,2009-01-31,Medellin,Técnicos asistentes en operaciones comerciales.,Belen,,0,2007-01-01,2006-04-17,2009-01-20,comercio al por mayo - comercio mantenimien,,Negado,Con Experiencia sin Mora,0,79.0
48,49,36,yes,2,3,Profesional,Indefinido,2600000,1591000,Empleado,Arrendada,0,4000000,2600000,0,0,0,0,0,1591000,0,0,Consumo,2500000,24,137.629,Buenas Referencias,Con Codeudor(es),Sin Patrimonio,2009-01-31,Medellin,Profesionales de la informática,Floresta,,0,2003-01-01,2006-09-27,2009-01-09,actividades inmobili - informatica y activi,,Negada,Con Experiencia sin Mora,6,
49,50,43,no,1,3,Bachiller,Ninguno,1450000,1251000,Independiente con Experiencia > 3 anos,Familiar,0,3317000,0,0,300000,1150000,0,283000,163000,805000,0,Capital de Trabajo,741000,6,132511,Buenas Referencias,Codeudor,Sin Patrimonio,2009-01-31,Medellin,Sin Profesión,Microcrédito,,1,2003-01-01,2009-01-17,2009-01-16,comercio al por mayo - comercio mantenimien,41847.0,Negado,Con Experiencia sin Mora,0,37.0
50,51,39,yes,4,3,Técnico,Indefinido,496900,143000,Empleado,Familiar,0,1000000,496900,0,0,0,0,0,143000,0,0,Consumo,4000000,36,155.131,Buenas Referencias,Con Codeudor(es),Vehìculo sin Prenda,2009-03-31,EL CARMEN DE VIBORAL,Técnicos  en electrónica y telecomunicaciones,Rionegro,,0,1998-07-03,2006-01-07,2009-03-18,otras actividades em - obtencion y suminist,,Negado,Mora mayor a 60 Dìas,0,72.0
51,52,44,yes,3,2,Primaria,Ninguno,10500000,9967000,Independiente,Arrendada,0,0,0,0,0,0,10500000,0,9967000,0,0,Consumo,49000000,60,$ 1.439.652,Buena Experiencia CFB,Hipoteca,Prop.con Hipoteca,2009-03-31,Itagui,Sin Profesión,Envigado,,1,2003-07-01,2007-01-11,2009-03-10,otras actividades em - actividades de arqui,,Negada,Màximo 3 moras 30 Dìas,23,
52,53,43,yes,3,3,Tecnólogo,Indefinido,1522000,264000,Empleado,Propia,0,376500,1154000,0,0,0,368000,0,264000,0,0,Consumo,12500000,48,454.521,Buenas Referencias,Sin Codeudor,Prop.sin Hipoteca,2009-03-31,Medellin,Técnicos postsecundarios no universitarios y asistentes,Centro,,1,2005-02-01,2003-09-04,2009-03-07,otras actividades em - actividades de inves,,Negado,Màximo 3 moras 30 Dìas,0,63.0
53,54,57,yes,2,2,Primaria,Indefinido,765000,575000,Empleado,Arrendada,0,0,691000,0,0,0,74000,0,575000,0,0,Consumo,3000000,36,124.61,Buenas Referencias,Con Codeudor(es),Sin Patrimonio,2009-03-31,Rionegro,Sin Profesión,Rionegro,,0,1994-01-01,2005-11-10,2009-03-05,otras actividades em - actividades de inves,,Negada,Màximo 3 moras 30 Dìas,53,
54,55,31,no,1,2,Primaria,Indefinido,496900,0,Empleado,Propia,0,0,496900,0,0,0,0,0,0,0,0,Consumo,1200000,18,80748,Buenas Referencias,Con Codeudor(es),Sin Patrimonio,2009-01-31,Medellin,Sin Profesión,Altavista,,1,2007-02-27,2009-01-26,2009-01-22,servicio domestico,41999.0,Negado,Sin experiencia,0,30.0
55,56,75,yes,4,2,Primaria,Ninguno,461500,139000,Jubilado,Propia,0,0,461500,0,0,0,0,0,139000,0,0,Consumo,15000000,48,464485,Buena Experiencia CFB,Con Codeudor(es),Prop.sin Hipoteca,2009-01-31,Medellin,Sin Profesión,Centro,,1,1996-07-01,1999-04-29,2009-01-15,,41805.0,Negado,Con Experiencia sin Mora,0,78.0
56,57,38,no,4,2,Profesional,Indefinido,804993,0,Empleado,Arrendada,0,0,804993,0,0,0,0,0,0,0,0,Consumo,2000000,18,137.664,Buenas Referencias,Fondo de Garantia,Sin Patrimonio,2009-03-31,Bello,Profesores de educación primaria,Bello,,0,2009-01-29,2007-02-17,2009-03-12,educacion - educacion  en todas,,Negado,Dos moras 60 Dìas,0,49.0
57,58,64,yes,0,4,Bachiller,Ninguno,1683000,429000,Independiente,Familiar,0,0,1683000,0,0,0,0,0,429000,0,0,Consumo,1200000,18,80748,Buena Experiencia CFB,Sin Codeudor,Prop.con Hipoteca,2009-01-31,Envigado,Sin Profesión,Sabaneta,,1,2000-01-01,2006-06-12,2009-01-09,actividades inmobili - actividades inmobili,41711.0,Negado,Con Experiencia sin Mora,0,51.0
58,59,57,yes,3,2,Profesional,Indefinido,1698112,607000,Empleado,Propia,0,8000000,1698112,0,0,0,0,0,607000,0,0,Consumo,4000000,36,159463,Buenas Referencias,Libranza Establecida,Sin Patrimonio,2009-01-31,Medellin,Profesores de educación secundaria,Centro,,1,1980-03-12,2000-03-24,2009-01-16,educacion - educacion  en todas,41858.0,Negado,Con Experiencia sin Mora,0,56.0
59,60,38,no,4,2,Profesional,Indefinido,804993,0,Empleado,Arrendada,0,0,804993,0,0,0,0,0,0,0,0,Consumo,2000000,18,137.664,Buenas Referencias,Fondo de Garantia,Sin Patrimonio,2009-03-31,Bello,Profesores de educación primaria,Bello,,0,2009-01-29,2007-02-17,2009-03-12,educacion - educacion  en todas,,Negado,Dos moras 60 Dìas,0,45.0
60,61,55,yes,1,3,Profesional,Indefinido,1013132,33000,Empleado,Familiar,0,0,1013132,0,0,0,0,0,33000,0,0,Consumo,3000000,36,119597,Buenas Referencias,Libranza Establecida,Sin Patrimonio,2009-01-31,Bello,Filósofos,Belen,,1,2008-04-01,2009-01-29,2009-01-20,educacion - educacion  en todas,41956.0,Negado,Con Experiencia sin Mora,0,61.0
61,62,38,no,4,2,Profesional,Indefinido,804993,0,Empleado,Arrendada,0,0,804993,0,0,0,0,0,0,0,0,Consumo,2000000,18,137.664,Buenas Referencias,Fondo de Garantia,Sin Patrimonio,2009-03-31,Bello,Profesores de educación primaria,Bello,,0,2009-01-29,2007-02-17,2009-03-12,educacion - educacion  en todas,,Negado,Dos moras 60 Dìas,0,52.0
62,63,38,no,4,2,Profesional,Indefinido,804993,0,Empleado,Arrendada,0,0,804993,0,0,0,0,0,0,0,0,Consumo,2000000,18,137.664,Buenas Referencias,Fondo de Garantia,Sin Patrimonio,2009-03-31,Bello,Profesores de educación primaria,Bello,,0,2009-01-29,2007-02-17,2009-03-12,educacion - educacion  en todas,,Negado,Dos moras 60 Dìas,0,45.0
63,64,46,no,0,2,Bachiller,Ninguno,1150000,258000,Independiente,Familiar,0,0,0,350000,0,0,800000,0,258000,0,0,Consumo,2000000,24,110.103,Buena Experiencia CFB,Con Codeudor(es),Prop.sin Hipoteca,2009-03-31,La Estrella,Sin Profesión,Caldas,,1,,2001-04-06,2009-03-31,comercio al por mayo,,Negado,Con Experiencia sin Mora,0,35.0
64,65,57,no,1,3,Profesional,Indefinido,4271000,775000,Empleado,Familiar,0,11000000,4271000,0,0,0,0,0,775000,0,0,Consumo,11000000,48,353.41,Sin Referencias,Libranza Establecida,Sin Patrimonio,2009-03-31,Caldas,Profesores y docentes en educación formal,Caldas,,1,1974-09-25,2005-03-16,2009-03-13,educacion - educacion  en todas,,Negada,Mora mayor a 60 Dìas,4,
65,66,56,yes,2,2,Bachiller,Ninguno,1254264,142000,Jubilado,Propia,0,0,1254264,0,0,0,0,0,142000,0,0,Consumo,4500000,36,169538,Buena Experiencia CFB,Sin Codeudor,Prop.sin Hipoteca,2009-01-31,Bello,Sin Profesión,Belen,,1,1990-08-02,2000-01-04,2009-01-20,administracion publi - actividades legislat,41977.0,Negado,Con Experiencia sin Mora,0,50.0
66,67,30,no,3,3,Profesional,Indefinido,1013000,146000,Empleado,Arrendada,0,0,1013000,0,0,0,0,0,146000,0,0,Consumo,3500000,36,135.74,Sin Referencias,Libranza Establecida,Sin Patrimonio,2009-03-31,Medellin,Profesores de educación secundaria,Centro,,0,2006-02-14,2006-12-09,2009-03-06,educacion - educacion  en todas,,Negada,Mora mayor a 60 Dìas,9,
67,68,56,no,1,3,Primaria,Indefinido,1126900,0,Empleado,Arrendada,0,0,496900,630000,0,0,0,0,0,0,0,Consumo,6000000,18,397.695,Buenas Referencias,Con Codeudor(es),Prop.sin Hipoteca,2009-03-31,Medellin,Sin Profesión,Belen,,0,2008-01-15,2007-12-15,2009-03-30,industrias manufactu - fabricacion de prend,,Negado,Con Experiencia sin Mora,0,38.0
68,69,48,yes,4,3,Bachiller,Prestación de Servicios,3500000,462000,Independiente,Propia,0,0,0,0,0,0,3500000,0,462000,0,0,Consumo,2500000,12,240044,Buena Experiencia CFB,Sin Codeudor,Prop.y Vehìculo,2009-01-31,La Estrella,Sin Profesión,Itagui,,1,2000-06-01,2004-01-13,2009-01-07,transporte almacenam - transporte por via t,41649.0,Negado,Con Experiencia sin Mora,0,57.0
69,70,63,no,0,3,Primaria,Ninguno,1699000,920000,Jubilado,Familiar,0,13000000,1349000,350000,0,0,0,0,920000,0,0,Consumo,8000000,48,280.284,Sin Referencias,Con Codeudor(es),Prop.sin Hipoteca,2009-03-31,Itagui,Sin Profesión,Itagui,,1,1999-01-21,1998-01-21,2009-03-09,,,Negada,Mora mayor a 60 Dìas,10,
70,71,63,no,0,5,Especializacion,Ninguno,1603000,552000,Jubilado,Propia,0,0,1603000,0,0,0,0,0,552000,0,0,Consumo,4400000,36,170.644,Buena Experiencia CFB,Hipoteca,Prop.con Hipoteca,2009-03-31,Medellin,Bibliotecarios documentalistas y afines,Belen,,1,,2001-01-31,2009-03-17,,,Negada,Con Experiencia sin Mora,20,
71,72,41,yes,2,1,Primaria,Ninguno,650000,103000,Independiente,Propia,0,0,650000,0,0,0,0,0,103000,0,0,Consumo,1500000,6,265534,Buena Experiencia CFB,Con Codeudor(es),Prop.sin Hipoteca,2009-01-31,Medellin,Sin Profesión,Belen,,1,2007-10-25,1996-01-25,2009-01-22,otras actividades em - actividades juridica,42013.0,Negado,Con Experiencia sin Mora,0,21.0
72,73,63,no,0,5,Especializacion,Ninguno,1603000,552000,Jubilado,Propia,0,0,1603000,0,0,0,0,0,552000,0,0,Consumo,4400000,36,170.644,Buena Experiencia CFB,Hipoteca,Prop.con Hipoteca,2009-03-31,Medellin,Bibliotecarios documentalistas y afines,Belen,,1,,2001-01-31,2009-03-17,,,Negada,Con Experiencia sin Mora,20,
73,74,27,yes,2,3,Bachiller,Indefinido,763000,111000,Empleado,Familiar,0,112000,496900,0,0,0,266100,0,111000,0,0,Consumo,3500000,24,190331,Buenas Referencias,Libranza Establecida,Sin Patrimonio,2009-01-31,Medellin,Sin Profesión,Envigado,,0,2005-06-21,2007-08-02,2009-01-09,industrias manufactu - fabricacion de vehic,41712.0,Negado,Con Experiencia sin Mora,0,48.0
74,75,26,yes,1,2,Bachiller,Indefinido,869790,452000,Empleado,Familiar,0,2889007,869790,0,0,0,0,0,452000,0,0,Consumo,1200000,18,79.539,Buena Experiencia CFB,Sin Codeudor,Sin Patrimonio,2009-03-31,Caldas,Sin Profesión,Caldas,,1,2005-08-11,2003-03-31,2009-03-05,industrias manufactu - fabricacion de produ,,Negada,Con Experiencia sin Mora,40,
75,76,63,yes,2,3,Bachiller,Ninguno,3000000,870000,Independiente,Arrendada,0,0,0,0,0,0,3000000,0,870000,0,0,Consumo,10000000,48,321.282,Buenas Referencias,Con Codeudor(es),Prop.y Vehìculo,2009-03-31,Itagui,Sin Profesión,Sabaneta,,1,,1997-06-17,2009-03-26,transporte almacenam - transporte por via t,,Negado,Con Experiencia sin Mora,0,62.0
76,77,28,yes,2,2,Técnico,Indefinido,662309,0,Empleado,Propia,0,0,662309,0,0,0,0,0,0,0,0,Consumo,700000,12,66395,Buena Experiencia CFB,Con Codeudor(es),Sin Patrimonio,2009-01-31,Medellin,Técnicos  en electrónica y telecomunicaciones,Altavista,,1,2005-09-21,2009-01-26,2009-01-22,comercio al por mayo - comercio mantenimien,42014.0,Negado,Mora mayor a 60 Dìas,0,33.0
77,78,51,no,1,3,Bachiller,Ninguno,382849,277000,Jubilado,Arrendada,0,600000,382849,0,0,0,0,0,277000,0,0,Consumo,1900000,24,99.641,Buena Experiencia CFB,Sin Codeudor,Sin Patrimonio,2009-03-31,Caldas,Sin Profesión,Caldas,,1,2007-01-01,2001-05-25,2009-03-04,,,Negado,Màximo 3 moras 30 Dìas,0,60.0
78,79,42,no,2,2,Técnico,Ninguno,2475000,110000,Ama de Casa,Propia,0,0,2475000,0,0,0,0,0,110000,0,0,Consumo,20000000,24,$ 1.048.857,Buenas Referencias,Con Codeudor(es),Sin Patrimonio,2009-03-31,La Estrella,Técnicos en programación informática,Caldas,,1,,1998-01-13,2009-03-24,,,Negado,Con Experiencia sin Mora,0,27.0
79,80,42,no,2,2,Técnico,Ninguno,2475000,110000,Ama de Casa,Propia,0,0,2475000,0,0,0,0,0,110000,0,0,Consumo,20000000,24,$ 1.048.857,Buenas Referencias,Con Codeudor(es),Sin Patrimonio,2009-03-31,La Estrella,Técnicos en programación informática,Caldas,,1,,1998-01-13,2009-03-24,,,Negado,Con Experiencia sin Mora,0,22.0
80,81,42,no,2,2,Técnico,Ninguno,2475000,110000,Ama de Casa,Propia,0,0,2475000,0,0,0,0,0,110000,0,0,Consumo,20000000,24,$ 1.048.857,Buenas Referencias,Con Codeudor(es),Sin Patrimonio,2009-03-31,La Estrella,Técnicos en programación informática,Caldas,,1,,1998-01-13,2009-03-24,,,Negado,Con Experiencia sin Mora,0,34.0
81,82,43,yes,3,2,Bachiller,Fijo,513347,0,Empleado,Propia,0,137000,513347,0,0,0,0,0,0,0,0,Consumo,12000000,48,381731,Buena Experiencia CFB,Libranza Establecida,Sin Patrimonio,2009-01-31,Medellin,Sin Profesión,Altavista,,1,2005-04-04,2005-11-23,2009-01-21,industrias manufactu - fabricacion de muebl,41969.0,Negado,Con Experiencia sin Mora,0,60.0
82,83,42,no,2,2,Técnico,Ninguno,2475000,110000,Ama de Casa,Propia,0,0,2475000,0,0,0,0,0,110000,0,0,Consumo,20000000,24,$ 1.048.857,Buenas Referencias,Con Codeudor(es),Sin Patrimonio,2009-03-31,La Estrella,Técnicos en programación informática,Caldas,,1,,1998-01-13,2009-03-24,,,Negado,Con Experiencia sin Mora,0,32.0
83,84,52,no,0,3,Bachiller,Ninguno,600000,0,Independiente,Propia,0,0,0,600000,0,0,0,0,0,0,0,Consumo,8000000,48,257.026,Buenas Referencias,Con Codeudor(es),Prop.sin Hipoteca,2009-03-31,Medellin,Sin Profesión,Belen,,1,,2008-06-23,2009-03-27,actividades inmobili - actividades inmobili,,Negada,Con Experiencia sin Mora,365,
84,85,38,yes,3,4,Bachiller,Fijo,1600000,183000,Empleado,Familiar,0,193000,1600000,0,0,0,0,0,183000,0,0,Consumo,2000000,24,106944,Buenas Referencias,Sin Codeudor,Sin Patrimonio,2009-01-31,Medellin,Sin Profesión,Floresta,,0,2001-06-25,2006-12-12,2009-01-19,industrias manufactu - actividades de edici,41938.0,Negado,Con Experiencia sin Mora,0,65.0
85,86,38,yes,3,4,Bachiller,Fijo,1600000,183000,Empleado,Familiar,0,193000,1600000,0,0,0,0,0,183000,0,0,Consumo,1200000,18,80748,Buenas Referencias,Sin Codeudor,Sin Patrimonio,2009-01-31,Medellin,Sin Profesión,Floresta,,0,2001-06-25,2006-12-12,2009-01-19,industrias manufactu - actividades de edici,42214.0,Negado,Con Experiencia sin Mora,0,55.0
86,87,46,no,1,3,Especializacion,Indefinido,1698000,1009000,Empleado,Propia,0,0,1698000,0,0,0,0,0,1009000,0,0,Consumo,5000000,24,281.136,Buena Experiencia CFB,Sin Codeudor,Sin Patrimonio,2009-03-31,Medellin,Otros profesionales de la educación,Itagui,,1,1995-08-18,1999-08-23,2009-03-17,educacion - educacion  en todas,,Negada,Dos moras 60 Dìas,12,
87,88,46,no,1,3,Especializacion,Indefinido,1698000,1009000,Empleado,Propia,0,0,1698000,0,0,0,0,0,1009000,0,0,Consumo,5000000,24,281.136,Buena Experiencia CFB,Sin Codeudor,Sin Patrimonio,2009-03-31,Medellin,Otros profesionales de la educación,Itagui,,1,1995-08-18,1999-08-23,2009-03-17,educacion - educacion  en todas,,Negada,Dos moras 60 Dìas,12,
88,89,46,no,1,3,Especializacion,Indefinido,1698000,1009000,Empleado,Propia,0,0,1698000,0,0,0,0,0,1009000,0,0,Consumo,5000000,24,281.136,Buena Experiencia CFB,Sin Codeudor,Sin Patrimonio,2009-03-31,Medellin,Otros profesionales de la educación,Itagui,,1,1995-08-18,1999-08-23,2009-03-17,educacion - educacion  en todas,,Negada,Dos moras 60 Dìas,12,
89,90,46,no,1,3,Especializacion,Indefinido,1698000,1009000,Empleado,Propia,0,0,1698000,0,0,0,0,0,1009000,0,0,Consumo,5000000,24,281.136,Buena Experiencia CFB,Sin Codeudor,Sin Patrimonio,2009-03-31,Medellin,Otros profesionales de la educación,Itagui,,1,1995-08-18,1999-08-23,2009-03-17,educacion - educacion  en todas,,Negada,Dos moras 60 Dìas,12,
90,91,29,yes,4,1,Bachiller,Fijo,750000,7000,Empleado,Familiar,0,0,750000,0,0,0,0,0,7000,0,0,Consumo,300000,3,104128,Buena Experiencia CFB,Con Codeudor(es),Sin Patrimonio,2009-01-31,Medellin,Sin Profesión,Altavista,,1,2006-06-01,2003-03-18,2009-01-06,industrias manufactu - fabricacion de prend,41610.0,Negado,Con Experiencia sin Mora,0,27.0
91,92,34,no,2,3,Bachiller,Ninguno,1500000,391000,Independiente,Familiar,0,0,0,0,0,0,1500000,0,391000,0,0,Consumo,260000,3,90.679,Buenas Referencias,Con Codeudor(es),Sin Patrimonio,2009-03-31,Sabaneta,Sin Profesión,Sabaneta,,0,,2006-06-10,2009-03-20,industrias manufactu - fabricacion de produ,,Negado,Con Experiencia sin Mora,0,36.0
92,93,68,yes,0,3,Técnico,Prestación de Servicios,1380570,110000,Empleado,Propia,0,378000,461500,0,0,0,919070,0,110000,0,0,Consumo,2000000,24,106944,Buena Experiencia CFB,Con Codeudor(es),Prop.sin Hipoteca,2009-01-31,Sabaneta,Técnicos  en mecánica y construcción mecánica,Sabaneta,,1,2008-07-14,1994-11-01,2009-01-29,administracion publi - actividades legislat,41861.0,Negado,Con Experiencia sin Mora,0,65.0
93,94,39,no,2,3,Técnico,Indefinido,1022000,80000,Empleado,Familiar,0,11250000,1022000,0,0,0,0,0,80000,0,0,Consumo,10000000,48,294.587,Buenas Referencias,Con Codeudor(es),Sin Patrimonio,2009-03-31,Caldas,Técnicos en programación informática,Caldas,,1,2007-08-01,2007-09-29,2009-03-24,intermediacion finan - intermediacion finan,,Negado,Mora mayor a 60 Dìas,0,57.0
94,95,39,no,2,3,Técnico,Indefinido,1022000,80000,Empleado,Familiar,0,11250000,1022000,0,0,0,0,0,80000,0,0,Consumo,10000000,48,294.587,Buenas Referencias,Con Codeudor(es),Sin Patrimonio,2009-03-31,Caldas,Técnicos en programación informática,Caldas,,1,2007-08-01,2007-09-29,2009-03-24,intermediacion finan - intermediacion finan,,Negado,Mora mayor a 60 Dìas,0,57.0
95,96,60,yes,2,3,Bachiller,Indefinido,996900,29000,Empleado,Arrendada,0,0,496900,0,0,0,500000,0,29000,0,0,Consumo,3750000,36,149496,Buenas Referencias,Con Codeudor(es),Prop.sin Hipoteca,2009-01-31,Medellin,Sin Profesión,Floresta,,1,1996-08-27,2009-01-28,2009-01-28,administracion publi,42140.0,Negado,Con Experiencia sin Mora,0,69.0
96,97,38,no,0,3,Profesional,Fijo,2500000,326000,Empleado,Propia,0,28000000,2500000,0,0,0,0,0,326000,0,0,Consumo,14000000,48,449.795,Sin Referencias,Libranza Establecida,Sin Patrimonio,2009-03-31,Medellin,Administración de Empresas,Envigado,,1,1994-02-01,2009-03-26,2009-03-19,establecimientos edu,,Negada,Dos moras 60 Dìas,0,
97,98,34,yes,2,4,Especializacion,Indefinido,2326000,697000,Empleado,Familiar,0,3400000,2326000,0,0,0,0,0,697000,0,0,Consumo,1016000,18,69268,Buena Experiencia CFB,Libranza Establecida,Vehìculo con Prenda,2009-01-31,Envigado,Contadores,Belen,,1,2007-11-01,2007-11-14,2009-01-14,intermediacion finan - intermediacion finan,41775.0,Negado,Con Experiencia sin Mora,0,55.0
98,99,45,no,3,2,Profesional,Indefinido,1427000,511000,Empleado,Arrendada,0,570000,1427000,0,0,0,0,0,511000,0,0,Consumo,2000000,24,112.455,Buenas Referencias,Sin Codeudor,Inversiones,2009-03-31,Caldas,Profesores de educación preescolar,Caldas,,0,2001-03-14,2008-06-10,2009-03-17,educacion - educacion  en todas,,Negado,Mora mayor a 60 Dìas,0,47.0
99,100,45,no,3,2,Profesional,Indefinido,1427000,511000,Empleado,Arrendada,0,570000,1427000,0,0,0,0,0,511000,0,0,Consumo,2000000,24,112.455,Buenas Referencias,Sin Codeudor,Inversiones,2009-03-31,Caldas,Profesores de educación preescolar,Caldas,,0,2001-03-14,2008-06-10,2009-03-17,educacion - educacion  en todas,,Negado,Mora mayor a 60 Dìas,0,48.0
100,101,73,yes,1,3,Primaria,Ninguno,2320000,928000,Jubilado,Propia,0,0,2000000,320000,0,0,0,0,928000,0,0,Consumo,5200000,36,215.991,Buenas Referencias,Con Codeudor(es),Prop.sin Hipoteca,2009-03-31,Medellin,Sin Profesión,Centro,,1,,1986-02-24,2009-03-28,,,Negada,Con Experiencia sin Mora,5,
101,102,51,yes,2,3,Bachiller,Fijo,827300,191000,Empleado,Propia,0,897267,768000,0,0,0,59300,0,191000,0,0,Consumo,4000000,36,155.131,Buena Experiencia CFB,Libranza Establecida,Sin Patrimonio,2009-03-31,Medellin,Sin Profesión,Floresta,,1,1994-02-01,2004-03-26,2009-03-12,industrias manufactu,,Negado,Con Experiencia sin Mora,0,67.0
102,103,43,yes,2,2,Bachiller,Ninguno,2700000,2195000,Independiente con Experiencia > 3 anos,Familiar,0,600000,0,0,0,2700000,0,530000,450000,1215000,0,Reposicion de Activos Fij,1800000,18,121122,Buenas Referencias,Sin Codeudor,Sin Patrimonio,2009-03-31,Bello,Sin Profesión,Bello,,0,2001-01-01,2009-03-10,2009-03-09,industrias manufactu - elaboracion de produ,43368.0,Negado,Con Experiencia sin Mora,0,41.0
103,104,51,yes,2,3,Bachiller,Fijo,827300,191000,Empleado,Propia,0,897267,768000,0,0,0,59300,0,191000,0,0,Consumo,4000000,36,155.131,Buena Experiencia CFB,Libranza Establecida,Sin Patrimonio,2009-03-31,Medellin,Sin Profesión,Floresta,,1,1994-02-01,2004-03-26,2009-03-12,industrias manufactu,,Negado,Con Experiencia sin Mora,0,63.0
104,105,51,yes,2,3,Bachiller,Fijo,827300,191000,Empleado,Propia,0,897267,768000,0,0,0,59300,0,191000,0,0,Consumo,4000000,36,155.131,Buena Experiencia CFB,Libranza Establecida,Sin Patrimonio,2009-03-31,Medellin,Sin Profesión,Floresta,,1,1994-02-01,2004-03-26,2009-03-12,industrias manufactu,,Negado,Con Experiencia sin Mora,0,73.0
105,106,51,yes,2,3,Bachiller,Fijo,827300,191000,Empleado,Propia,0,897267,768000,0,0,0,59300,0,191000,0,0,Consumo,4000000,36,155.131,Buena Experiencia CFB,Libranza Establecida,Sin Patrimonio,2009-03-31,Medellin,Sin Profesión,Floresta,,1,1994-02-01,2004-03-26,2009-03-12,industrias manufactu,,Negado,Con Experiencia sin Mora,0,71.0
106,107,45,yes,2,2,Primaria,Ninguno,1500000,863000,Independiente,Familiar,0,0,0,0,0,0,1500000,0,863000,0,0,Consumo,2000000,24,104.886,Buena Experiencia CFB,Sin Codeudor,Sin Patrimonio,2009-03-31,Guarne,Sin Profesión,Centro,,1,,2000-01-25,2009-03-26,agricultura ganaderi - actividades de servi,,Negado,Con Experiencia sin Mora,0,53.0
107,108,45,yes,3,3,Primaria,Ninguno,1000000,0,Independiente,Propia,0,0,0,0,0,0,1000000,0,0,0,0,Inv.Patrimonial,1000000,12,96486,Buena Experiencia CFB,Fondo de Garantia,Prop.sin Hipoteca,2009-03-31,Rionegro,Sin Profesión,Rionegro,,1,,2009-03-27,2009-03-25,transporte almacenam - transporte por via t,43782.0,Negado,Con Experiencia sin Mora,0,51.0
108,109,33,yes,2,2,Primaria,Indefinido,512000,290000,Empleado,Propia,0,0,512000,0,0,0,0,0,290000,0,0,Consumo,1700000,24,93.588,Buenas Referencias,Con Codeudor(es),Sin Patrimonio,2009-03-31,EL CARMEN DE VIBORAL,Sin Profesión,Rionegro,,1,2007-10-16,2008-08-29,2009-03-06,otras actividades em - otras actividades em,,Negado,Con Experiencia sin Mora,0,41.0
109,110,28,yes,1,2,Tecnólogo,Labor Contratada,2181000,3804000,Empleado,Familiar,0,0,0,0,0,2181000,0,640000,1914000,1200000,50000,Consumo,1000000,12,96.296,Buenas Referencias,Con Codeudor(es),Sin Patrimonio,2009-03-31,Medellin,Técnicos  en mecánica y construcción mecánica,Belen,,0,2007-04-02,2006-02-24,2009-03-24,otras actividades em - obtencion y suminist,,Negada,Con Experiencia sin Mora,4,
110,111,28,yes,0,2,Profesional,Fijo,425475,585000,Empleado,Familiar,0,0,425475,0,0,0,0,0,585000,0,0,Consumo,4000000,36,155.131,Buenas Referencias,Fondo de Garantia,Sin Patrimonio,2009-03-31,Medellin,Profesores de educación secundaria,Belen,,1,2008-12-09,2008-06-24,2009-03-18,otras actividades de - actividades de espar,,Negada,Con Experiencia sin Mora,50,
111,112,64,no,2,2,Primaria,Ninguno,841079,354000,Jubilado,Familiar,0,0,841079,0,0,0,0,0,354000,0,0,Consumo,17500000,48,541899,Buena Experiencia CFB,Sin Codeudor,Sin Patrimonio,2009-03-31,Caldas,Sin Profesión,Caldas,,1,,2004-02-20,2009-03-19,,43679.0,Negado,Con Experiencia sin Mora,0,64.0
112,113,49,no,0,2,Primaria,Ninguno,496900,0,Jubilado,Propia,0,0,496900,0,0,0,0,0,0,0,0,Consumo,15000000,48,499032,Buena Experiencia CFB,Con Codeudor(es),Sin Patrimonio,2009-03-31,Medellin,Sin Profesión,Altavista,,0,,2008-06-25,2009-03-18,,43599.0,Negado,Con Experiencia sin Mora,0,47.0
113,114,46,yes,2,3,Bachiller,Ninguno,1609000,1794000,Independiente,Propia,0,20000000,1300000,309000,0,0,0,0,1794000,0,0,Consumo,6000000,36,232.696,Buenas Referencias,Con Codeudor(es),Prop.y Vehìculo,2009-03-31,Medellin,Sin Profesión,Floresta,,0,2002-03-03,2009-02-23,2009-03-17,transporte almacenam - transporte por via t,,Negado,Una mora 60 Dìas,0,55.0
114,115,55,yes,1,2,Primaria,Ninguno,4000000,1077000,Independiente,Arrendada,0,7000000,0,0,0,0,4000000,0,1077000,0,0,Consumo,1000000,18,65245,Buena Experiencia CFB,Fondo de Garantia,Vehìculo sin Prenda,2009-03-31,Itagui,Sin Profesión,Itagui,,1,1988-01-01,2004-01-28,2009-03-25,transporte almacenam - transporte por via t,43799.0,Negado,Con Experiencia sin Mora,0,41.0
115,116,46,yes,1,2,Bachiller,Ninguno,496900,179000,Jubilado,Propia,0,0,496900,0,0,0,0,0,179000,0,0,Consumo,2000000,24,110.103,Buena Experiencia CFB,Con Codeudor(es),Sin Patrimonio,2009-03-31,Medellin,Sin Profesión,Altavista,,1,2003-01-01,2004-07-12,2009-03-06,,,Negado,Màximo 3 moras 30 Dìas,0,42.0
116,117,26,no,2,2,Bachiller,Ninguno,1146800,0,Independiente,Familiar,0,3000000,1146800,0,0,0,0,0,0,0,0,Consumo,1200000,18,80748,Buenas Referencias,Codeudor,Sin Patrimonio,2009-03-31,Medellin,Sin Profesión,Altavista,,5,,2006-09-09,2009-03-31,administracion publi - prestacion de servic,43914.0,Negado,Mora mayor a 60 Dìas,0,35.0
117,118,45,yes,4,2,Bachiller,Ninguno,2250000,336000,Independiente,Propia,0,0,0,0,0,0,2250000,0,336000,0,0,Consumo,9000000,48,289.154,Buena Experiencia CFB,Hipoteca,Prop.y Vehìculo,2009-03-31,Medellin,Sin Profesión,Altavista,,1,,1987-06-06,2009-03-13,transporte almacenam - transporte por via t,,Negado,Con Experiencia sin Mora,0,72.0
118,119,64,no,0,4,Primaria,Ninguno,496900,0,Jubilado,Familiar,0,0,496900,0,0,0,0,0,0,0,0,Consumo,7000000,36,279060,Buena Experiencia CFB,No Admisible,Sin Patrimonio,2009-03-31,Medellin,Sin Profesión,Centro,,1,,1993-05-22,2009-03-18,,43626.0,Negado,Con Experiencia sin Mora,0,67.0
119,120,61,no,0,5,Bachiller,Ninguno,3100000,557000,Independiente,Propia,0,0,0,300000,0,0,2800000,0,557000,0,0,Consumo,675000,6,120708,Buena Experiencia CFB,Sin Codeudor,Prop.sin Hipoteca,2009-03-31,Medellin,Sin Profesión,Belen,,0,,2005-10-04,2009-03-26,comercio al por mayo - comercio mantenimien,43334.0,Negado,Con Experiencia sin Mora,0,69.0
120,121,34,yes,1,5,Tecnólogo,Indefinido,1022000,20000,Empleado,Propia,0,0,1022000,0,0,0,0,0,20000,0,0,Consumo,15000000,60,382.208,Buenas Referencias,Libranza Establecida,Prop.y Vehìculo,2009-03-31,Rionegro,Administración de Empresas,Centro,,1,2008-12-19,2009-02-26,2009-03-16,intermediacion finan - intermediacion finan,,Negada,Mora mayor a 60 Dìas,0,
121,122,34,yes,1,5,Tecnólogo,Indefinido,1022000,20000,Empleado,Propia,0,0,1022000,0,0,0,0,0,20000,0,0,Consumo,15000000,60,382.208,Buenas Referencias,Libranza Establecida,Prop.y Vehìculo,2009-03-31,Rionegro,Administración de Empresas,Centro,,1,2008-12-19,2009-02-26,2009-03-16,intermediacion finan - intermediacion finan,,Negada,Mora mayor a 60 Dìas,56,
122,123,47,yes,0,3,Bachiller,Ninguno,4700000,659000,Independiente,Propia,0,40000000,4700000,0,0,0,0,0,659000,0,0,Consumo,70000000,60,$ 2.193.041,Buena Experiencia CFB,Hipoteca,Prop.con Hipoteca,2009-03-31,Medellin,Sin Profesión,Altavista,,1,1999-01-12,2005-07-12,2009-03-24,comercio al por mayo - comercio mantenimien,,Negada,Màximo 3 moras 30 Dìas,6,
123,124,30,yes,2,3,Bachiller,Indefinido,936683,842000,Empleado,Arrendada,0,0,936683,0,0,0,0,0,842000,0,0,Consumo,2700000,24,148.64,Buenas Referencias,Con Codeudor(es),Sin Patrimonio,2009-03-31,Medellin,Sin Profesión,Itagui,,1,2007-02-05,2008-07-16,2009-03-24,transporte almacenam - transporte por via t,,Negado,Con Experiencia sin Mora,0,51.0
124,125,65,no,0,2,Primaria,Ninguno,496900,628000,Jubilado,Propia,0,0,496900,0,0,0,0,0,628000,0,0,Consumo,250000,3,86773,Buena Experiencia CFB,No Admisible,Sin Patrimonio,2009-03-31,Medellin,Sin Profesión,Centro,,1,,1997-06-13,2009-03-24,,43662.0,Negado,Con Experiencia sin Mora,0,34.0
125,126,64,no,4,1,Ninguno,Ninguno,496900,0,Jubilado,Familiar,0,0,496900,0,0,0,0,0,0,0,0,Consumo,282000,3,97880,Buena Experiencia CFB,Fondo de Garantia,Sin Patrimonio,2009-03-31,Medellin,Sin Profesión,Centro,,1,,2004-10-19,2009-03-20,,43699.0,Negado,Màximo 3 moras 30 Dìas,0,42.0
126,127,69,yes,1,3,Bachiller,Ninguno,1022000,579000,Jubilado,Familiar,0,0,1022000,0,0,0,0,0,579000,0,0,Consumo,2500000,24,140.568,Buenas Referencias,Sin Codeudor,Sin Patrimonio,2009-03-31,Envigado,Sin Profesión,Envigado,,1,,1999-06-05,2009-03-31,,,Negado,Con Experiencia sin Mora,0,67.0
127,128,64,yes,1,5,Tecnólogo,Ninguno,1648867,1622000,Jubilado,Propia,0,0,1648867,0,0,0,0,0,1622000,0,0,Consumo,6000000,36,256.718,Buenas Referencias,Sin Codeudor,Prop.sin Hipoteca,2009-03-31,Medellin,Técnicos asistentes en operaciones comerciales.,Caldas,,1,,2008-11-29,2009-03-12,,,Negada,Con Experiencia sin Mora,27,
128,129,61,yes,2,3,Especializacion,Indefinido,3909000,2738000,Empleado,Familiar,0,0,3909000,0,0,0,0,0,2738000,0,0,Consumo,12800000,48,465.429,Buena Experiencia CFB,Libranza Establecida,Sin Patrimonio,2009-03-31,Medellin,Profesores y docentes en educación formal,Envigado,,1,1982-09-06,2001-10-19,2009-03-24,educacion - educacion  en todas,,Negada,Con Experiencia sin Mora,16,
129,130,50,yes,4,5,Profesional,Ninguno,2500000,1200000,Independiente,Propia,0,0,0,0,0,0,2500000,1200000,0,0,0,Consumo,600000,18,40374,Buenas Referencias,Con Codeudor(es),Prop.sin Hipoteca,2009-03-31,Medellin,Arquitectos,Floresta,,0,,2005-11-30,2009-03-27,otras actividades em - actividades de arqui,43202.0,Negado,Con Experiencia sin Mora,0,77.0
130,131,62,yes,2,3,Primaria,Indefinido,2488000,1225000,Empleado,Propia,0,1239000,1288000,0,0,0,1200000,0,1225000,0,0,Consumo,2000000,24,110.103,Buenas Referencias,Fondo de Garantia,Prop.sin Hipoteca,2009-03-31,Medellin,Sin Profesión,Centro,,0,1969-06-16,2006-09-20,2009-03-17,transporte almacenam - correo y telecomunic,,Negada,Con Experiencia sin Mora,27,
131,132,31,yes,3,3,Técnico,Prestación de Servicios,1080000,0,Empleado,Familiar,0,0,1080000,0,0,0,0,0,0,0,0,Consumo,8000000,36,150047,Buenas Referencias,Fondo de Garantia,Sin Patrimonio,2009-03-31,Bello,Técnicos asistentes de servicios administrativos y afines,Bello,,0,2008-02-01,2009-03-05,2009-03-05,administracion publi,43253.0,Negado,Sin experiencia,0,56.0
132,133,50,yes,3,2,Primaria,Labor Contratada,1500000,0,Independiente,Propia,0,0,1500000,0,0,0,0,0,0,0,0,Consumo,1300000,18,89.481,Buena Experiencia CFB,Fondo de Garantia,Sin Patrimonio,2009-03-31,Medellin,Sin Profesión,Floresta,,1,2000-10-10,2005-12-23,2009-03-18,industrias manufactu - transformacion de la,,Negado,Con Experiencia sin Mora,0,49.0
133,134,36,yes,0,4,Profesional,Indefinido,4050000,1509000,Empleado,Propia,0,0,2200000,350000,0,0,1500000,0,1509000,0,0,Consumo,29000000,48,$ 1.016.029,Buenas Referencias,Con Codeudor(es),Sin Patrimonio,2009-03-31,Medellin,Administración de Empresas,Altavista,,1,2003-07-02,2006-06-16,2009-03-24,comercio al por mayo - comercio mantenimien,,Negada,Con Experiencia sin Mora,22,
134,135,68,yes,2,3,Primaria,Ninguno,1400000,0,Independiente,Propia,0,0,0,1400000,0,0,0,0,0,0,0,Consumo,1200000,18,78294,Buenas Referencias,Con Codeudor(es),Prop.sin Hipoteca,2009-03-31,Rionegro,Sin Profesión,Rionegro,,0,1990-01-01,2005-08-24,2009-03-12,actividades inmobili - actividades inmobili,43449.0,Negado,Con Experiencia sin Mora,0,61.0
135,136,36,yes,3,2,Técnico,Indefinido,1403930,696000,Empleado,Propia,0,0,1123930,0,0,0,280000,0,696000,0,0,Consumo,4000000,36,171.145,Buenas Referencias,Sin Codeudor,Sin Patrimonio,2009-03-31,Itagui,Electrotécnicos,Itagui,,0,2002-04-01,2005-04-05,2009-03-12,transporte almacenam - transporte por via t,,Negada,Con Experiencia sin Mora,24,
136,137,57,yes,0,2,Primaria,Indefinido,400000,258000,Empleado,Familiar,0,220000,0,400000,0,0,0,0,258000,0,0,Consumo,2000000,24,108.578,Sin Referencias,Con Codeudor(es),Prop.sin Hipoteca,2009-04-30,Medellin,Sin Profesión,Altavista,,0,2008-02-18,2005-08-05,2009-04-23,industrias manufactu - elaboracion de produ,,Negado,Mora mayor a 60 Dìas,0,49.0
137,138,52,yes,3,3,Profesional,Prestación de Servicios,2430000,133000,Empleado,Familiar,0,1300000,2430000,0,0,0,0,0,133000,0,0,Consumo,1000000,12,95.93,Sin Referencias,Fondo de Garantia,Sin Patrimonio,2009-04-30,Sabaneta,Ingenieros civiles,Sabaneta,,0,2006-10-01,2008-08-27,2009-04-23,administracion publi,,Negado,Mora mayor a 60 Dìas,0,60.0
138,139,26,no,1,2,Tecnólogo,Indefinido,1313826,33000,Empleado,Arrendada,0,2000000,1313826,0,0,0,0,0,33000,0,0,Consumo,295000,3,102392,Buenas Referencias,Fondo de Garantia,Sin Patrimonio,2009-03-31,Medellin,Técnicos asistentes de servicios financieros contables y afines,Centro,,1,2007-03-01,2003-11-04,2009-03-31,administracion publi - actividades legislat,43962.0,Negado,Con Experiencia sin Mora,0,16.0
139,140,34,yes,3,3,Tecnólogo,Indefinido,2390000,1056000,Empleado,Propia,0,36000000,2390000,0,0,0,0,0,1056000,0,0,Consumo,5000000,48,160.641,Buenas Referencias,Con Codeudor(es),Sin Patrimonio,2009-04-30,Rionegro,Técnicos  en electrónica y telecomunicaciones,Rionegro,,1,1998-02-09,2008-06-26,2009-04-22,industrias manufactu - fabricacion de papel,,Negada,Con Experiencia sin Mora,6,
140,141,31,no,3,2,Bachiller,Labor Contratada,500000,25000,Empleado,Arrendada,0,0,500000,0,0,0,0,0,25000,0,0,Consumo,3000000,24,162.867,Buenas Referencias,Con Codeudor(es),Sin Patrimonio,2009-04-30,Itagui,Sin Profesión,Centro,,0,2008-01-24,2005-05-23,2009-04-08,otras actividades em - obtencion y suminist,,Negado,Mora mayor a 60 Dìas,0,51.0
141,142,65,no,0,3,Técnico,Ninguno,1589000,1084000,Jubilado,Propia,0,0,1589000,0,0,0,0,0,1084000,0,0,Consumo,2000000,12,194.964,Buena Experiencia CFB,Sin Codeudor,Prop.sin Hipoteca,2009-04-30,Envigado,Técnicos asistentes de servicios financieros contables y afines,Envigado,,1,,1981-11-17,2009-04-24,,,Negada,Con Experiencia sin Mora,32,
142,143,41,no,1,3,Profesional,Indefinido,1840000,565000,Empleado,Propia,0,5000000,1362000,0,0,0,478000,0,565000,0,0,Consumo,1600000,18,109142,Buenas Referencias,Con Codeudor(es),Sin Patrimonio,2009-03-31,Caldas,Profesionales en ciencias biológicas y otras disciplinas relativas a los seres orgánicos,Caldas,,1,2008-10-01,2007-06-27,2009-03-18,otras actividades em - obtencion y suminist,43614.0,Negado,Con Experiencia sin Mora,0,46.0
143,144,62,no,0,3,Especializacion,Ninguno,3910000,2165000,Jubilado,Propia,0,13161700,3910000,0,0,0,0,0,2165000,0,0,Consumo,3000000,36,116.348,Buenas Referencias,Con Codeudor(es),Prop.sin Hipoteca,2009-04-30,Medellin,Profesores de educación secundaria,Belen,,1,,2006-11-08,2009-04-16,,,Negada,Con Experiencia sin Mora,20,
144,145,61,yes,2,1,Primaria,Ninguno,517000,104000,Jubilado,Arrendada,0,0,517000,0,0,0,0,0,104000,0,0,Consumo,1100000,18,74.897,Buenas Referencias,Fondo de Garantia,Prop.sin Hipoteca,2009-04-30,Medellin,Sin Profesión,Floresta,,1,,2009-04-28,2009-04-24,,,Negado,Con Experiencia sin Mora,0,46.0
145,146,50,no,0,2,Técnico,Ninguno,2183000,597000,Independiente,Arrendada,0,3000000,0,2183000,0,0,0,0,597000,0,0,Consumo,2400000,12,227640,Buena Experiencia CFB,Con Codeudor(es),Prop.sin Hipoteca,2009-03-31,Caldas,Técnicos asistentes de servicios administrativos y afines,Sabaneta,,1,,2002-07-08,2009-03-16,actividades inmobili - actividades inmobili,43540.0,Negado,Con Experiencia sin Mora,0,28.0
146,147,61,yes,2,1,Primaria,Ninguno,517000,104000,Jubilado,Arrendada,0,0,517000,0,0,0,0,0,104000,0,0,Consumo,1100000,18,74.897,Buenas Referencias,Fondo de Garantia,Prop.sin Hipoteca,2009-04-30,Medellin,Sin Profesión,Floresta,,1,,2009-04-28,2009-04-24,,,Negado,Con Experiencia sin Mora,0,46.0
147,148,52,yes,3,2,Primaria,Ninguno,800000,0,Independiente,Familiar,0,0,0,0,0,0,800000,0,0,0,0,Consumo,1500000,24,85.296,Buenas Referencias,Codeudor,Sin Patrimonio,2009-04-30,Medellin,Sin Profesión,Altavista,,0,,2007-04-17,2009-04-16,comercio al por mayo,,Negado,Sin experiencia,0,57.0
148,149,52,yes,3,2,Primaria,Ninguno,800000,0,Independiente,Familiar,0,0,0,0,0,0,800000,0,0,0,0,Consumo,1500000,24,85.296,Buenas Referencias,Codeudor,Sin Patrimonio,2009-04-30,Medellin,Sin Profesión,Altavista,,0,,2007-04-17,2009-04-16,comercio al por mayo,,Negado,Sin experiencia,0,61.0
149,150,54,no,2,3,Profesional,Indefinido,1762000,355000,Empleado,Propia,0,0,1262000,0,0,0,500000,0,355000,0,0,Consumo,936000,6,167382,Buena Experiencia CFB,Con Codeudor(es),Prop.sin Hipoteca,2009-03-31,Sabaneta,Odontólogos,Sabaneta,,1,1990-04-01,1993-08-19,2009-03-26,servicios sociales y - actividades relacion,43841.0,Negado,Màximo 3 moras 30 Dìas,0,50.0
150,151,51,no,0,2,Primaria,Indefinido,538000,0,Empleado,Propia,0,1500000,538000,0,0,0,0,0,0,0,0,Consumo,3000000,36,116.348,Buena Experiencia CFB,Libranza Establecida,Sin Patrimonio,2009-04-30,Sabaneta,Sin Profesión,Sabaneta,,1,1992-11-09,2003-10-09,2009-04-22,industrias manufactu - fabricacion de papel,,Negada,Con Experiencia sin Mora,19,
151,152,28,no,2,3,Técnico,Ninguno,3368000,942000,Independiente,Arrendada,0,21600000,0,425000,0,0,2943000,0,942000,0,0,Consumo,10000000,36,253.374,Buena Experiencia CFB,Fondo de Garantia,Prop.con Hipoteca,2009-04-30,Sabaneta,Técnicos asistentes de servicios administrativos y afines,Sabaneta,,1,,2003-02-06,2009-04-29,comercio al por mayo,,Negado,Mora mayor a 60 Dìas,0,53.0
152,153,54,no,1,2,Primaria,Ninguno,700000,356000,Independiente,Propia,0,0,700000,0,0,0,0,0,356000,0,0,Capital de Trabajo,2000000,24,113.729,Buenas Referencias,Con Codeudor(es),Sin Patrimonio,2009-04-30,Medellin,Sin Profesión,Itagui,,0,,2008-04-21,2009-04-16,comercio al por mayo - comercio mantenimien,,Negado,Con Experiencia sin Mora,0,48.0
153,154,47,no,4,4,Bachiller,Ninguno,3500000,950000,Independiente,Familiar,0,0,3500000,0,0,0,0,950000,0,0,0,Reposicion de Activos Fij,1000000,12,98.394,Buenas Referencias Comerc,Sin Codeudor,Sin Patrimonio,2009-04-30,Medellin,Sin Profesión,Altavista,,0,,2006-08-18,2009-04-06,hoteles y restaurant - hoteles restaurantes,,Negado,Con Experiencia sin Mora,0,74.0
154,155,49,no,0,2,Primaria,Indefinido,496900,0,Empleado,Propia,0,0,496900,0,0,0,0,0,0,0,0,Consumo,10000000,48,332688,Buena Experiencia CFB,Con Codeudor(es),Prop.sin Hipoteca,2009-03-31,Medellin,Sin Profesión,Belen,,1,2008-01-28,1992-02-19,2009-03-10,servicio domestico,43374.0,Negado,Con Experiencia sin Mora,0,56.0
155,156,45,no,1,3,Tecnólogo,Indefinido,700000,579000,Empleado,Familiar,0,0,700000,0,0,0,0,0,579000,0,0,Consumo,5000000,36,193.914,Buenas Referencias,Con Codeudor(es),Sin Patrimonio,2009-04-30,Medellin,Técnicos en control de equipos informáticos,Floresta,,1,2002-11-01,2003-12-01,2009-04-08,comercio al por mayo - comercio mantenimien,,Negada,Con Experiencia sin Mora,42,
156,157,41,no,2,3,Profesional,Indefinido,1537004,553000,Empleado,Arrendada,0,0,1537004,0,0,0,0,0,553000,0,0,Consumo,12700000,48,392.172,Sin experiencia CFB,Libranza Establecida,Sin Patrimonio,2009-04-30,Venecia,Profesores de educación preescolar,Caldas,,1,1995-05-02,2009-04-29,2009-04-20,educacion - educacion  en todas,,Negada,Mora mayor a 60 Dìas,50,
157,158,41,no,2,3,Profesional,Indefinido,1537004,553000,Empleado,Arrendada,0,0,1537004,0,0,0,0,0,553000,0,0,Consumo,12700000,48,392.172,Sin experiencia CFB,Libranza Establecida,Sin Patrimonio,2009-04-30,Venecia,Profesores de educación preescolar,Caldas,,1,1995-05-02,2009-04-29,2009-04-20,educacion - educacion  en todas,,Negada,Mora mayor a 60 Dìas,50,
158,159,38,no,0,3,Tecnólogo,Indefinido,1022000,466000,Empleado,Propia,0,0,1022000,0,0,0,0,0,466000,0,0,Consumo,500000,6,89.972,Buena Experiencia CFB,Libranza Establecida,Prop.sin Hipoteca,2009-04-30,Medellin,Administración de Empresas,Floresta,,1,1999-09-07,1999-01-23,2009-04-08,intermediacion finan - intermediacion finan,,Negado,Con Experiencia sin Mora,0,30.0
159,160,35,yes,0,2,Bachiller,Ninguno,496900,0,Jubilado,Arrendada,0,0,496900,0,0,0,0,0,0,0,0,Consumo,1000000,18,67290,Buena Experiencia CFB,Fondo de Garantia,Sin Patrimonio,2009-03-31,Medellin,Sin Profesión,Centro,,1,,2008-02-16,2009-03-10,otras actividades de - eliminacion de despe,43377.0,Negado,Con Experiencia sin Mora,0,31.0
160,161,38,no,0,3,Tecnólogo,Indefinido,1022000,466000,Empleado,Propia,0,0,1022000,0,0,0,0,0,466000,0,0,Consumo,500000,6,89.972,Buena Experiencia CFB,Libranza Establecida,Prop.sin Hipoteca,2009-04-30,Medellin,Administración de Empresas,Floresta,,1,1999-09-07,1999-01-23,2009-04-08,intermediacion finan - intermediacion finan,,Negado,Con Experiencia sin Mora,0,27.0
161,162,42,no,3,2,Bachiller,Ninguno,6500000,6369000,Independiente,Familiar,0,0,0,0,0,6500000,0,1833000,1091000,3445000,0,Capital de Trabajo,800000,6,143062,Buenas Referencias Comerc,Sin Codeudor,Sin Patrimonio,2009-03-31,Bello,Sin Profesión,Bello,,1,2001-01-01,2008-09-25,2009-03-09,comercio al por mayo,43359.0,Negado,Con Experiencia sin Mora,0,31.0
162,163,38,no,0,3,Tecnólogo,Indefinido,1022000,466000,Empleado,Propia,0,0,1022000,0,0,0,0,0,466000,0,0,Consumo,500000,6,89.972,Buena Experiencia CFB,Libranza Establecida,Prop.sin Hipoteca,2009-04-30,Medellin,Administración de Empresas,Floresta,,1,1999-09-07,1999-01-23,2009-04-08,intermediacion finan - intermediacion finan,,Negado,Con Experiencia sin Mora,0,27.0
163,164,40,no,3,2,Bachiller,Indefinido,908000,300000,Empleado,Familiar,0,0,808000,0,0,0,100000,0,300000,0,0,Consumo,5000000,36,204126,Buena Experiencia CFB,Fondo de Garantia,Sin Patrimonio,2009-03-31,Bello,Sin Profesión,Bello,,0,1999-04-21,2008-07-17,2009-03-20,servicios sociales y - actividades relacion,43701.0,Negado,Con Experiencia sin Mora,37,58.0
164,165,38,no,0,3,Tecnólogo,Indefinido,1022000,466000,Empleado,Propia,0,0,1022000,0,0,0,0,0,466000,0,0,Consumo,500000,6,89.972,Buena Experiencia CFB,Libranza Establecida,Prop.sin Hipoteca,2009-04-30,Medellin,Administración de Empresas,Floresta,,1,1999-09-07,1999-01-23,2009-04-08,intermediacion finan - intermediacion finan,,Negado,Con Experiencia sin Mora,0,29.0
165,166,38,no,0,3,Tecnólogo,Indefinido,1022000,466000,Empleado,Propia,0,0,1022000,0,0,0,0,0,466000,0,0,Consumo,500000,6,89.972,Buena Experiencia CFB,Libranza Establecida,Prop.sin Hipoteca,2009-04-30,Medellin,Administración de Empresas,Floresta,,1,1999-09-07,1999-01-23,2009-04-08,intermediacion finan - intermediacion finan,,Negado,Con Experiencia sin Mora,0,31.0
166,167,38,no,0,3,Tecnólogo,Indefinido,1022000,466000,Empleado,Propia,0,0,1022000,0,0,0,0,0,466000,0,0,Consumo,500000,6,89.972,Buena Experiencia CFB,Libranza Establecida,Prop.sin Hipoteca,2009-04-30,Medellin,Administración de Empresas,Floresta,,1,1999-09-07,1999-01-23,2009-04-08,intermediacion finan - intermediacion finan,,Negado,Con Experiencia sin Mora,0,30.0
167,168,45,no,3,2,Profesional,Indefinido,1427000,511000,Empleado,Arrendada,0,570000,1427000,0,0,0,0,0,511000,0,0,Consumo,3000000,36,113025,Buenas Referencias,Fondo de Garantia,Inversiones,2009-03-31,Caldas,Profesores de educación preescolar,Caldas,,0,2001-03-14,2008-06-10,2009-03-17,educacion - educacion  en todas,43574.0,Negado,Mora mayor a 60 Dìas,0,61.0
168,169,66,yes,1,3,Bachiller,Ninguno,1464000,252000,Jubilado,Propia,0,0,1464000,0,0,0,0,0,252000,0,0,Consumo,1900000,24,106.225,Buena Experiencia CFB,Sin Codeudor,Prop.sin Hipoteca,2009-04-30,Medellin,Sin Profesión,Floresta,,0,,2006-03-17,2009-04-17,servicios sociales y,,Negada,Con Experiencia sin Mora,29,
169,170,66,yes,1,3,Bachiller,Ninguno,1464000,252000,Jubilado,Propia,0,0,1464000,0,0,0,0,0,252000,0,0,Consumo,1900000,24,106.225,Buena Experiencia CFB,Sin Codeudor,Prop.sin Hipoteca,2009-04-30,Medellin,Sin Profesión,Floresta,,0,,2006-03-17,2009-04-17,servicios sociales y,,Negada,Con Experiencia sin Mora,29,
170,171,51,yes,3,3,Tecnólogo,Ninguno,1000000,1127000,Independiente,Propia,0,0,1000000,0,0,0,0,0,1127000,0,0,Consumo,1200000,18,83.598,Buena Experiencia CFB,Con Codeudor(es),Prop.y Vehìculo,2009-04-30,Bello,Técnicos  en mecánica y construcción mecánica,Bello,,0,,2007-01-22,2009-04-24,transporte almacenam - transporte por via t,,Negado,Con Experiencia sin Mora,0,58.0
171,172,45,yes,2,2,Primaria,Ninguno,1509000,863000,Independiente,Familiar,0,0,0,0,0,0,1509000,0,863000,0,0,Consumo,2000000,24,104.886,Buena Experiencia CFB,Sin Codeudor,Sin Patrimonio,2009-04-30,Guarne,Sin Profesión,Centro,,1,,2000-01-25,2009-04-04,agricultura ganaderi - actividades de servi,,Negado,Con Experiencia sin Mora,0,49.0
172,173,58,no,0,2,Bachiller,Ninguno,2000000,22000,Ama de Casa,Arrendada,0,0,0,0,0,0,2000000,0,22000,0,0,Consumo,2000000,24,106944,Buenas Referencias,Sin Codeudor,Sin Patrimonio,2009-03-31,Envigado,Sin Profesión,Envigado,,1,,2008-06-21,2009-03-06,,43336.0,Negado,Con Experiencia sin Mora,0,47.0
173,174,38,yes,2,2,Bachiller,Ninguno,975000,198000,Independiente,Propia,0,0,0,0,0,0,975000,0,198000,0,0,Reposicion de Activos Fij,1000000,12,98.394,Buenas Referencias,Sin Codeudor,Prop.sin Hipoteca,2009-04-30,Medellin,Sin Profesión,Centro,,0,,2008-01-19,2009-04-08,comercio al por mayo - comercio mantenimien,,Negada,Con Experiencia sin Mora,21,
174,175,37,yes,2,2,Técnico,Ninguno,2094000,534000,Independiente,Familiar,0,0,0,0,0,0,2094000,0,534000,0,0,Consumo,1000000,12,98.394,Buenas Referencias,Sin Codeudor,Sin Patrimonio,2009-04-30,Medellin,Técnicos en programación y control informáticos,Belen,,1,,2009-04-28,2009-04-23,comercio al por mayo - comercio mantenimien,,Negada,Con Experiencia sin Mora,0,
175,176,51,yes,3,1,Ninguno,Ninguno,2120000,1847000,Independiente,Familiar,0,0,0,0,0,2120000,0,588000,305000,954000,0,Reposicion de Activos Fij,4500000,36,169538,Buenas Referencias,Conyuge,Prop.sin Hipoteca,2009-03-31,Medellin,Sin Profesión,Centro,,0,,2008-01-23,2009-03-19,comercio al por mayo - comercio mantenimien,43677.0,Negado,Con Experiencia sin Mora,0,50.0
176,177,26,yes,2,2,Bachiller,Indefinido,1167000,43000,Empleado,Familiar,0,0,1167000,0,0,0,0,0,43000,0,0,Consumo,7000000,36,285.101,Sin Referencias,Con Codeudor(es),Sin Patrimonio,2009-04-30,Rionegro,Sin Profesión,Rionegro,,1,2004-04-24,2008-06-23,2009-04-13,administracion publi - actividades de defen,,Negada,Mora mayor a 60 Dìas,4,
177,178,45,yes,3,2,Bachiller,Indefinido,523000,90000,Empleado,Arrendada,0,0,523000,0,0,0,0,0,90000,0,0,Consumo,1000000,24,56.129,Buenas Referencias,Sin Codeudor,Sin Patrimonio,2009-04-30,Medellin,Sin Profesión,Centro,,0,2005-04-21,2008-03-26,2009-04-08,industrias manufactu - fabricacion de prend,,Negado,Con Experiencia sin Mora,0,50.0
178,179,68,yes,0,1,Primaria,Ninguno,958550,10000,Independiente,Propia,0,0,0,320000,0,0,638550,0,10000,0,0,Consumo,17000000,48,540785,Buena Experiencia CFB,Fondo de Garantia,Prop.sin Hipoteca,2009-03-31,Bello,Sin Profesión,Centro,,1,1967-10-01,1997-11-21,2009-03-13,comercio al por mayo - comercio mantenimien,43500.0,Negado,Con Experiencia sin Mora,0,40.0
179,180,53,yes,1,2,Tecnólogo,Ninguno,3870000,995000,Independiente,Propia,0,83958000,0,0,0,0,3870000,0,995000,0,0,Consumo,17000000,48,540785,Buenas Referencias,Admisible y Codeudor,Prop.con Hipoteca,2009-03-31,Medellin,Técnicos asistentes en operaciones comerciales.,Belen,,4,,2005-06-03,2009-03-31,industrias manufactu - fabricacion de produ,43737.0,Negado,Mora mayor a 60 Dìas,0,54.0
180,181,61,yes,1,4,Bachiller,Ninguno,2438000,1133000,Jubilado,Propia,0,0,2138000,300000,0,0,0,0,1133000,0,0,Consumo,10000000,48,341.803,Buena Experiencia CFB,Con Codeudor(es),Prop.sin Hipoteca,2009-04-30,Medellin,Sin Profesión,Centro,,1,,1999-12-02,2009-04-27,,,Negada,Con Experiencia sin Mora,11,
181,182,61,yes,1,4,Bachiller,Ninguno,2438000,1133000,Jubilado,Propia,0,0,2138000,300000,0,0,0,0,1133000,0,0,Consumo,10000000,48,341.803,Buena Experiencia CFB,Con Codeudor(es),Prop.sin Hipoteca,2009-04-30,Medellin,Sin Profesión,Centro,,1,,1999-12-02,2009-04-27,,,Negada,Con Experiencia sin Mora,11,
182,183,61,yes,1,4,Bachiller,Ninguno,2438000,1133000,Jubilado,Propia,0,0,2138000,300000,0,0,0,0,1133000,0,0,Consumo,10000000,48,341.803,Buena Experiencia CFB,Conyuge + Codeudor,Prop.sin Hipoteca,2009-04-30,Medellin,Sin Profesión,Centro,,1,,1999-12-02,2009-04-27,,,Negada,Con Experiencia sin Mora,4,
183,184,53,yes,0,3,Bachiller,Ninguno,2400000,952000,Independiente,Propia,0,13974000,2400000,0,0,0,0,0,952000,0,0,Consumo,800000,12,77189,Buenas Referencias,Prenda,Prop.sin Hipoteca,2009-03-31,Medellin,Sin Profesión,Floresta,,1,,2006-12-04,2009-03-20,transporte almacenam - transporte por via t,43715.0,Negado,Con Experiencia sin Mora,0,41.0
184,185,61,yes,1,4,Bachiller,Ninguno,2438000,1133000,Jubilado,Propia,0,0,2138000,300000,0,0,0,0,1133000,0,0,Consumo,10000000,48,341.803,Buena Experiencia CFB,Conyuge + Codeudor,Prop.sin Hipoteca,2009-04-30,Medellin,Sin Profesión,Centro,,1,,1999-12-02,2009-04-27,,,Negada,Con Experiencia sin Mora,4,
185,186,64,yes,1,3,Bachiller,Ninguno,4719000,2037000,Independiente,Propia,0,109000000,1032000,2450000,0,0,1237000,0,2037000,0,0,Consumo,52000000,60,$ 1.448.628,Buena Experiencia CFB,Hipoteca,Prop.sin Hipoteca,2009-04-30,Envigado,Sin Profesión,Envigado,,0,,2005-07-13,2009-04-30,,,Negada,Con Experiencia sin Mora,17,
186,187,44,yes,3,2,Bachiller,Ninguno,1100000,1160000,Independiente,Propia,0,0,1100000,0,0,0,0,0,1160000,0,0,Consumo,1000000,12,98.394,Buenas Referencias,Sin Codeudor,Prop.y Vehìculo,2009-04-30,Medellin,Sin Profesión,Altavista,,0,,2005-12-14,2009-04-30,transporte almacenam - transporte por via t,,Negado,Con Experiencia sin Mora,0,44.0
187,188,24,yes,2,1,Bachiller,Indefinido,892880,0,Empleado,Arrendada,0,0,892880,0,0,0,0,0,0,0,0,Consumo,250000,3,86773,Sin Referencias,Con Codeudor(es),Sin Patrimonio,2009-03-31,Bello,Sin Profesión,Centro,,1,2008-09-05,2009-03-30,2009-03-27,otras actividades em - actividades juridica,43816.0,Negado,Con Experiencia sin Mora,0,12.0
188,189,61,yes,1,3,Técnico,Ninguno,2023624,383000,Jubilado,Arrendada,0,0,2023624,0,0,0,0,0,383000,0,0,Consumo,6000000,36,254.677,Sin Referencias,Sin Codeudor,Sin Patrimonio,2009-05-31,Itagui,Técnicos postsecundarios no universitarios y asistentes,Envigado,,0,,2009-05-26,2009-05-15,construccion - construccion,,Negada,Mora mayor a 60 Dìas,3,
189,190,50,yes,3,2,Primaria,Prestación de Servicios,496900,0,Empleado,Arrendada,0,0,496900,0,0,0,0,0,0,0,0,Consumo,2500000,36,96.957,Buenas Referencias,Fondo de Garantia,Sin Patrimonio,2009-05-31,Medellin,Sin Profesión,Centro,,1,,1998-12-01,2009-05-11,transporte almacenam - transporte por via t,,Negado,Sin experiencia,0,66.0
190,191,45,yes,2,2,Primaria,Ninguno,1500000,863000,Independiente,Familiar,0,0,0,0,0,0,1500000,0,863000,0,0,Consumo,1200000,18,80748,Buena Experiencia CFB,Sin Codeudor,Sin Patrimonio,2009-03-31,Guarne,Sin Profesión,Centro,,1,,2000-01-25,2009-03-26,agricultura ganaderi - actividades de servi,43847.0,Negado,Con Experiencia sin Mora,0,39.0
191,192,54,yes,1,2,Primaria,Ninguno,600000,0,Independiente,Propia,0,0,0,600000,0,0,0,0,0,0,0,Consumo,2000000,24,113.729,Buenas Referencias,Con Codeudor(es),Sin Patrimonio,2009-05-31,Medellin,Sin Profesión,Altavista,,0,,2006-10-18,2009-05-28,actividades inmobili - actividades inmobili,,Negada,Con Experiencia sin Mora,0,
192,193,54,yes,1,2,Primaria,Ninguno,600000,0,Independiente,Propia,0,0,0,600000,0,0,0,0,0,0,0,Consumo,2000000,24,113.729,Buenas Referencias,Con Codeudor(es),Sin Patrimonio,2009-05-31,Medellin,Sin Profesión,Altavista,,0,,2006-10-18,2009-05-28,actividades inmobili - actividades inmobili,,Negada,Con Experiencia sin Mora,0,
193,194,56,no,0,3,Bachiller,Ninguno,1070000,0,Independiente,Propia,0,0,0,0,0,0,1070000,0,0,0,0,Consumo,2000000,24,113.729,Buenas Referencias,Fondo de Garantia,Prop.sin Hipoteca,2009-05-31,Medellin,Sin Profesión,Belen,,0,,2006-10-13,2009-05-19,comercio al por mayo,,Negado,Con Experiencia sin Mora,0,53.0
194,195,53,no,2,2,Especializacion,Indefinido,3622000,1267000,Empleado,Propia,0,37163868,3622000,0,0,0,0,0,1267000,0,0,Consumo,5500000,36,206.761,Buena Experiencia CFB,Libranza Establecida,Prop.con Hipoteca,2009-05-31,La Estrella,Profesores y docentes en educación formal,Caldas,,1,1976-04-07,1995-09-07,2009-05-23,educacion - educacion  en todas,,Negado,Con Experiencia sin Mora,0,55.0
195,196,53,no,2,2,Especializacion,Indefinido,3622000,1267000,Empleado,Propia,0,37163868,3622000,0,0,0,0,0,1267000,0,0,Consumo,5500000,36,206.761,Buena Experiencia CFB,Libranza Establecida,Prop.con Hipoteca,2009-05-31,La Estrella,Profesores y docentes en educación formal,Caldas,,1,1976-04-07,1995-09-07,2009-05-23,educacion - educacion  en todas,,Negado,Con Experiencia sin Mora,0,53.0
196,197,54,no,1,2,Tecnólogo,Indefinido,910000,535000,Empleado,Propia,0,7000000,910000,0,0,0,0,0,535000,0,0,Consumo,3000000,36,128.046,Buena Experiencia CFB,Sin Codeudor,Sin Patrimonio,2009-05-31,La Estrella,Técnicos y asistentes de la medicina moderna y la salud,Caldas,,1,2005-09-26,2006-07-06,2009-05-19,otras actividades em - obtencion y suminist,,Negada,Màximo 3 moras 30 Dìas,9,
197,198,54,no,0,3,Primaria,Indefinido,1350000,53000,Independiente,Propia,0,0,1350000,0,0,0,0,0,53000,0,0,Consumo,8000000,48,257.026,Buenas Referencias,Fondo de Garantia,Sin Patrimonio,2009-05-31,Medellin,Sin Profesión,Altavista,,1,,2009-05-20,2009-05-18,otras actividades de - otras actividades de,,Negada,Sin experiencia,29,
198,199,65,no,0,4,Bachiller,Indefinido,1055000,311000,Empleado,Familiar,0,0,0,1055000,0,0,0,0,311000,0,0,Consumo,4500000,24,251.585,Buenas Referencias,Sin Codeudor,Prop.sin Hipoteca,2009-05-31,Medellin,Sin Profesión,Belen,,1,2005-10-20,2007-04-25,2009-05-29,servicios sociales y - actividades relacion,,Negado,Con Experiencia sin Mora,0,65.0
199,200,65,no,0,4,Bachiller,Indefinido,1055000,311000,Empleado,Familiar,0,0,0,1055000,0,0,0,0,311000,0,0,Consumo,4500000,24,251.585,Buenas Referencias,Sin Codeudor,Prop.sin Hipoteca,2009-05-31,Medellin,Sin Profesión,Belen,,1,2005-10-20,2007-04-25,2009-05-29,servicios sociales y - actividades relacion,,Negado,Con Experiencia sin Mora,0,51.0
200,201,56,yes,0,3,Bachiller,Ninguno,3600000,328000,Empleado,Familiar,0,0,2400000,0,0,0,1200000,0,328000,0,0,Consumo,5000000,48,160.641,Buenas Referencias,Con Codeudor(es),Sin Patrimonio,2009-05-31,Caldas,Sin Profesión,Caldas,,1,,2001-06-05,2009-05-08,comercio al por mayo,,Negada,Con Experiencia sin Mora,4,
201,202,68,yes,0,2,Primaria,Ninguno,1062000,656000,Jubilado,Familiar,0,1600000,1062000,0,0,0,0,0,656000,0,0,Consumo,2400000,36,93.079,Buenas Referencias,Sin Codeudor,Sin Patrimonio,2009-05-31,Bello,Sin Profesión,Bello,,0,,2007-04-24,2009-05-16,,,Negada,Con Experiencia sin Mora,29,
